[{"id":"5511959391525@s.whatsapp.net","dindin":14799540},{"id":"559591409931@s.whatsapp.net","dindin":1500},{"id":"554399012390@s.whatsapp.net","dindin":1500},{"id":"554388323867@s.whatsapp.net","dindin":1500},{"id":"559591264582@s.whatsapp.net","dindin":1500},{"id":"558396409401@s.whatsapp.net","dindin":1500},{"id":"557583426555@s.whatsapp.net","dindin":1500},{"id":"556599990192@s.whatsapp.net","dindin":2548},{"id":"555199729119@s.whatsapp.net","dindin":1500},{"id":"558699382308@s.whatsapp.net","dindin":1500},{"id":"558193813503@s.whatsapp.net","dindin":1500},{"id":"558897479171@s.whatsapp.net","dindin":1500},{"id":"556993973268@s.whatsapp.net","dindin":1500},{"id":"553196569335@s.whatsapp.net","dindin":1500},{"id":"5511950952581@s.whatsapp.net","dindin":1500},{"id":"554498207127@s.whatsapp.net","dindin":4481507},{"id":"558896724995@s.whatsapp.net","dindin":1500},{"id":"556999225474@s.whatsapp.net","dindin":1500},{"id":"51967834487@s.whatsapp.net","dindin":1500},{"id":"553497794478@s.whatsapp.net","dindin":1500},{"id":"559984324005@s.whatsapp.net","dindin":1500},{"id":"559181704457@s.whatsapp.net","dindin":1500},{"id":"558581755143@s.whatsapp.net","dindin":1632},{"id":"5511977271439@s.whatsapp.net","dindin":1500},{"id":"5521964090961@s.whatsapp.net","dindin":1500},{"id":"556993822591@s.whatsapp.net","dindin":1500},{"id":"556999068725@s.whatsapp.net","dindin":1500},{"id":"557498124467@s.whatsapp.net","dindin":1500},{"id":"558197444080@s.whatsapp.net","dindin":1500},{"id":"553491326355@s.whatsapp.net","dindin":1500},{"id":"5511952197111@s.whatsapp.net","dindin":1550},{"id":"558694126629@s.whatsapp.net","dindin":1500},{"id":"559881898422@s.whatsapp.net","dindin":1500},{"id":"5519994212138@s.whatsapp.net","dindin":1500},{"id":"558191803830@s.whatsapp.net","dindin":8876005},{"id":"554599030113@s.whatsapp.net","dindin":10167858},{"id":"258844855291@s.whatsapp.net","dindin":1500},{"id":"555399494253@s.whatsapp.net","dindin":1500},{"id":"5519986094263@s.whatsapp.net","dindin":1500},{"id":"status@broadcast","dindin":1500},{"id":"5521977181280@s.whatsapp.net","dindin":1400},{"id":"5521970694176@s.whatsapp.net","dindin":1500},{"id":"5216241452935@s.whatsapp.net","dindin":1500},{"id":"557999480527@s.whatsapp.net","dindin":1500},{"id":"5521974118092@s.whatsapp.net","dindin":1500},{"id":"258869122800@s.whatsapp.net","dindin":1500},{"id":"553193398476@s.whatsapp.net","dindin":1500},{"id":"5524999613055@s.whatsapp.net","dindin":1500},{"id":"557187788644@s.whatsapp.net","dindin":1500},{"id":"553498605566@s.whatsapp.net","dindin":1500},{"id":"558491597334@s.whatsapp.net","dindin":1500},{"id":"558299477939@s.whatsapp.net","dindin":1500},{"id":"553391524199@s.whatsapp.net","dindin":1500},{"id":"258858650083@s.whatsapp.net","dindin":1500},{"id":"5511911942403@s.whatsapp.net","dindin":1500},{"id":"553384635538@s.whatsapp.net","dindin":1500},{"id":"5512981177985@s.whatsapp.net","dindin":1500},{"id":"557588379574@s.whatsapp.net","dindin":1500},{"id":"5511914420280@s.whatsapp.net","dindin":1500},{"id":"5521988956428@s.whatsapp.net","dindin":1500},{"id":"258871706878@s.whatsapp.net","dindin":1500},{"id":"556192435447@s.whatsapp.net","dindin":1500},{"id":"558596225455@s.whatsapp.net","dindin":1500},{"id":"351962571362@s.whatsapp.net","dindin":1500},{"id":"559870091812@s.whatsapp.net","dindin":1500},{"id":"559891474318@s.whatsapp.net","dindin":1500},{"id":"559292118157@s.whatsapp.net","dindin":1500},{"id":"5512987088198@s.whatsapp.net","dindin":1500},{"id":"556191423351@s.whatsapp.net","dindin":1500},{"id":"5517981759240@s.whatsapp.net","dindin":1500},{"id":"558496415521@s.whatsapp.net","dindin":1500},{"id":"557599418597@s.whatsapp.net","dindin":1500},{"id":"557588260065@s.whatsapp.net","dindin":1500},{"id":"553891056325@s.whatsapp.net","dindin":1500},{"id":"556195824443@s.whatsapp.net","dindin":1500},{"id":"258842298443@s.whatsapp.net","dindin":1500},{"id":"5511976719778@s.whatsapp.net","dindin":1500},{"id":"5521975673885@s.whatsapp.net","dindin":1500},{"id":"5521999364217@s.whatsapp.net","dindin":1500},{"id":"553598366426@s.whatsapp.net","dindin":1500},{"id":"553597708648@s.whatsapp.net","dindin":1500},{"id":"258844161599@s.whatsapp.net","dindin":1500},{"id":"258865379659@s.whatsapp.net","dindin":1500},{"id":"5511950900798@s.whatsapp.net","dindin":1500},{"id":"5511989201660@s.whatsapp.net","dindin":1500},{"id":"553398397567@s.whatsapp.net","dindin":1500},{"id":"559982387249@s.whatsapp.net","dindin":1500},{"id":"51941376401@s.whatsapp.net","dindin":1500},{"id":"5516994232898@s.whatsapp.net","dindin":1500},{"id":"5515981689507@s.whatsapp.net","dindin":1500},{"id":"5519996741122@s.whatsapp.net","dindin":1500},{"id":"559984171998@s.whatsapp.net","dindin":1500},{"id":"447494221097@s.whatsapp.net","dindin":1500},{"id":"558584650330@s.whatsapp.net","dindin":1500},{"id":"557582125425@s.whatsapp.net","dindin":1500},{"id":"559183059688@s.whatsapp.net","dindin":1500},{"id":"5512997125258@s.whatsapp.net","dindin":1500},{"id":"556191451284@s.whatsapp.net","dindin":1512},{"id":"559492175054@s.whatsapp.net","dindin":1500},{"id":"559892398065@s.whatsapp.net","dindin":1500},{"id":"5521998785016@s.whatsapp.net","dindin":1500},{"id":"558388311684@s.whatsapp.net","dindin":1500},{"id":"557196271031@s.whatsapp.net","dindin":1500},{"id":"5511972055817@s.whatsapp.net","dindin":1500},{"id":"553287072154@s.whatsapp.net","dindin":1500},{"id":"5521986768645@s.whatsapp.net","dindin":1500},{"id":"5521999104979@s.whatsapp.net","dindin":1500},{"id":"558294233784@s.whatsapp.net","dindin":1500},{"id":"5521995420439@s.whatsapp.net","dindin":1500},{"id":"5511951229350@s.whatsapp.net","dindin":1500},{"id":"5521976932095@s.whatsapp.net","dindin":1500},{"id":"559184857116@s.whatsapp.net","dindin":1500},{"id":"553493379791@s.whatsapp.net","dindin":1616},{"id":"553399203963@s.whatsapp.net","dindin":6811},{"id":"5511983421866@s.whatsapp.net","dindin":1566},{"id":"5511917521200@s.whatsapp.net","dindin":1500},{"id":"559484023347@s.whatsapp.net","dindin":1500},{"id":"556892115259@s.whatsapp.net","dindin":1500},{"id":"555492875293@s.whatsapp.net","dindin":1500},{"id":"5512996165891@s.whatsapp.net","dindin":1500},{"id":"5217222035070@s.whatsapp.net","dindin":1500},{"id":"5555936189764@s.whatsapp.net","dindin":1500},{"id":"5521996567585@s.whatsapp.net","dindin":1500},{"id":"556283020607@s.whatsapp.net","dindin":1500},{"id":"5511914644590@s.whatsapp.net","dindin":1500},{"id":"553171353631@s.whatsapp.net","dindin":1500},{"id":"559182634855@s.whatsapp.net","dindin":1500},{"id":"559891285289@s.whatsapp.net","dindin":1500},{"id":"556199016089@s.whatsapp.net","dindin":1500},{"id":"5521977398477@s.whatsapp.net","dindin":2005},{"id":"556784127763@s.whatsapp.net","dindin":1500},{"id":"5521973808861@s.whatsapp.net","dindin":1500},{"id":"556481310187@s.whatsapp.net","dindin":1500},{"id":"553171954854@s.whatsapp.net","dindin":1500},{"id":"556292688676@s.whatsapp.net","dindin":1500},{"id":"557592305612@s.whatsapp.net","dindin":1500},{"id":"555496113443@s.whatsapp.net","dindin":1500},{"id":"557598973064@s.whatsapp.net","dindin":1500},{"id":"553191584541@s.whatsapp.net","dindin":1500},{"id":"5511987506515@s.whatsapp.net","dindin":1500},{"id":"5528999499894@s.whatsapp.net","dindin":1500},{"id":"5511997406769@s.whatsapp.net","dindin":1500},{"id":"557399894309@s.whatsapp.net","dindin":1500},{"id":"555199199177@s.whatsapp.net","dindin":1500},{"id":"557592171224@s.whatsapp.net","dindin":1500},{"id":"555481296959@s.whatsapp.net","dindin":1500},{"id":"5519981564807@s.whatsapp.net","dindin":1500},{"id":"554291346720@s.whatsapp.net","dindin":1500},{"id":"6285654238949@s.whatsapp.net","dindin":1500},{"id":"5521974206056@s.whatsapp.net","dindin":1500},{"id":"558882260441@s.whatsapp.net","dindin":1500},{"id":"556192157011@s.whatsapp.net","dindin":1500},{"id":"559886038744@s.whatsapp.net","dindin":1500},{"id":"5524999755958@s.whatsapp.net","dindin":1500},{"id":"5521987806217@s.whatsapp.net","dindin":1500},{"id":"555197901274@s.whatsapp.net","dindin":1500},{"id":"5562936180708@s.whatsapp.net","dindin":1500},{"id":"556181638726@s.whatsapp.net","dindin":1500},{"id":"557598585181@s.whatsapp.net","dindin":1500},{"id":"559491569380@s.whatsapp.net","dindin":1500},{"id":"6285733299894@s.whatsapp.net","dindin":1500},{"id":"557194053838@s.whatsapp.net","dindin":1500},{"id":"558994669070@s.whatsapp.net","dindin":1500},{"id":"557598659560@s.whatsapp.net","dindin":1500},{"id":"553499775248@s.whatsapp.net","dindin":1500},{"id":"556699969473@s.whatsapp.net","dindin":1500},{"id":"557591137340@s.whatsapp.net","dindin":1500},{"id":"559185826574@s.whatsapp.net","dindin":1500},{"id":"5521970835485@s.whatsapp.net","dindin":1500},{"id":"559286424651@s.whatsapp.net","dindin":1500},{"id":"5350849269@s.whatsapp.net","dindin":1500},{"id":"244929537273@s.whatsapp.net","dindin":1500},{"id":"258871143629@s.whatsapp.net","dindin":1500},{"id":"557192758490@s.whatsapp.net","dindin":1500},{"id":"351969144580@s.whatsapp.net","dindin":1500},{"id":"258840718221@s.whatsapp.net","dindin":1500},{"id":"555192877278@s.whatsapp.net","dindin":1500},{"id":"554998170943@s.whatsapp.net","dindin":1500},{"id":"5519982774399@s.whatsapp.net","dindin":1500},{"id":"5511989263746@s.whatsapp.net","dindin":1500},{"id":"558185531450@s.whatsapp.net","dindin":1500},{"id":"559181369841@s.whatsapp.net","dindin":1500},{"id":"557597075110@s.whatsapp.net","dindin":1500},{"id":"555596399423@s.whatsapp.net","dindin":1500},{"id":"5521974225618@s.whatsapp.net","dindin":1500},{"id":"48459074337@s.whatsapp.net","dindin":1500},{"id":"554399827762@s.whatsapp.net","dindin":1500},{"id":"555391169181@s.whatsapp.net","dindin":1500},{"id":"5511932223364@s.whatsapp.net","dindin":1500},{"id":"5517997285572@s.whatsapp.net","dindin":1500},{"id":"5516981550768@s.whatsapp.net","dindin":1500},{"id":"556393006594@s.whatsapp.net","dindin":1500},{"id":"5511993004090@s.whatsapp.net","dindin":1500},{"id":"558294205644@s.whatsapp.net","dindin":1500},{"id":"558486266523@s.whatsapp.net","dindin":1500},{"id":"556496459400@s.whatsapp.net","dindin":1500},{"id":"5519991650355@s.whatsapp.net","dindin":1500},{"id":"558599274921@s.whatsapp.net","dindin":1500},{"id":"258842438066@s.whatsapp.net","dindin":1500},{"id":"5519971055872@s.whatsapp.net","dindin":1500},{"id":"5511971121134@s.whatsapp.net","dindin":1500},{"id":"5511987419558@s.whatsapp.net","dindin":1500},{"id":"557598555402@s.whatsapp.net","dindin":1500},{"id":"558892074781@s.whatsapp.net","dindin":1500},{"id":"5527998158753@s.whatsapp.net","dindin":1500},{"id":"48729751098@s.whatsapp.net","dindin":1500},{"id":"556298854674@s.whatsapp.net","dindin":1500},{"id":"555195574892@s.whatsapp.net","dindin":1500},{"id":"559286044077@s.whatsapp.net","dindin":1500},{"id":"5511954330550@s.whatsapp.net","dindin":1500},{"id":"558299668686@s.whatsapp.net","dindin":1500},{"id":"558591441049@s.whatsapp.net","dindin":1500},{"id":"558688210887@s.whatsapp.net","dindin":1500},{"id":"5511981000062@s.whatsapp.net","dindin":1940},{"id":"5514996549442@s.whatsapp.net","dindin":1500},{"id":"559181938988@s.whatsapp.net","dindin":1500},{"id":"5512988082116@s.whatsapp.net","dindin":1500},{"id":"553399815140@s.whatsapp.net","dindin":1500},{"id":"34603666044@s.whatsapp.net","dindin":1500},{"id":"5521977338394@s.whatsapp.net","dindin":1500},{"id":"553191944689@s.whatsapp.net","dindin":1500},{"id":"5511956078146@s.whatsapp.net","dindin":1500},{"id":"5514998622041@s.whatsapp.net","dindin":1500},{"id":"558488795719@s.whatsapp.net","dindin":1500},{"id":"558892788657@s.whatsapp.net","dindin":1500},{"id":"554499913081@s.whatsapp.net","dindin":1500},{"id":"6281554314048@s.whatsapp.net","dindin":1500},{"id":"558894700681@s.whatsapp.net","dindin":1500},{"id":"559984577783@s.whatsapp.net","dindin":1500},{"id":"559381268510@s.whatsapp.net","dindin":1500},{"id":"5511913590449@s.whatsapp.net","dindin":1500},{"id":"556992600912@s.whatsapp.net","dindin":1500},{"id":"556184627393@s.whatsapp.net","dindin":1500},{"id":"5511941757171@s.whatsapp.net","dindin":1500},{"id":"554891248900@s.whatsapp.net","dindin":4370},{"id":"972537868100@s.whatsapp.net","dindin":1500},{"id":"559392185114@s.whatsapp.net","dindin":1500},{"id":"5511952442503@s.whatsapp.net","dindin":1500},{"id":"5493884588471@s.whatsapp.net","dindin":1500},{"id":"553182915782@s.whatsapp.net","dindin":1500},{"id":"5522997801687@s.whatsapp.net","dindin":1500},{"id":"558391972457@s.whatsapp.net","dindin":1500},{"id":"555397130119@s.whatsapp.net","dindin":1500},{"id":"559293708389@s.whatsapp.net","dindin":1500},{"id":"557187400479@s.whatsapp.net","dindin":1500},{"id":"557998466084@s.whatsapp.net","dindin":1500},{"id":"558899166222@s.whatsapp.net","dindin":1500},{"id":"5511986023830@s.whatsapp.net","dindin":1500},{"id":"5511965714144@s.whatsapp.net","dindin":1500},{"id":"556196214559@s.whatsapp.net","dindin":1500},{"id":"5511983845727@s.whatsapp.net","dindin":1500},{"id":"5511913370758@s.whatsapp.net","dindin":1500},{"id":"62895322922612@s.whatsapp.net","dindin":1500},{"id":"556481343500@s.whatsapp.net","dindin":1500},{"id":"559384377421@s.whatsapp.net","dindin":1500},{"id":"553891999652@s.whatsapp.net","dindin":1500},{"id":"5511934829403@s.whatsapp.net","dindin":1500},{"id":"558491642285@s.whatsapp.net","dindin":1500},{"id":"557186997787@s.whatsapp.net","dindin":1500},{"id":"5521959321167@s.whatsapp.net","dindin":1500},{"id":"5516996421218@s.whatsapp.net","dindin":1500},{"id":"556993044545@s.whatsapp.net","dindin":1500},{"id":"556392516484@s.whatsapp.net","dindin":1500},{"id":"559185091166@s.whatsapp.net","dindin":1500},{"id":"5513996787303@s.whatsapp.net","dindin":1500},{"id":"558581584011@s.whatsapp.net","dindin":1500},{"id":"559982020073@s.whatsapp.net","dindin":1500},{"id":"5511992198664@s.whatsapp.net","dindin":1500},{"id":"5511951346335@s.whatsapp.net","dindin":1500},{"id":"559295077266@s.whatsapp.net","dindin":1500},{"id":"559870216968@s.whatsapp.net","dindin":4203},{"id":"559184425612@s.whatsapp.net","dindin":1500},{"id":"558798257013@s.whatsapp.net","dindin":1500},{"id":"559885100613@s.whatsapp.net","dindin":1500},{"id":"2383891411152@s.whatsapp.net","dindin":1500},{"id":"559888722498@s.whatsapp.net","dindin":1500},{"id":"258843883354@s.whatsapp.net","dindin":1500},{"id":"258877318858@s.whatsapp.net","dindin":1500},{"id":"558581727348@s.whatsapp.net","dindin":1500},{"id":"558396929713@s.whatsapp.net","dindin":1500},{"id":"559781023609@s.whatsapp.net","dindin":1500},{"id":"553498750685@s.whatsapp.net","dindin":1500},{"id":"258851907875@s.whatsapp.net","dindin":1500},{"id":"5513981098246@s.whatsapp.net","dindin":1500},{"id":"554391942091@s.whatsapp.net","dindin":1500},{"id":"559684144115@s.whatsapp.net","dindin":1500},{"id":"558199212478@s.whatsapp.net","dindin":1500},{"id":"554298652853@s.whatsapp.net","dindin":1500},{"id":"6285210243402@s.whatsapp.net","dindin":1500},{"id":"559491600847@s.whatsapp.net","dindin":1500},{"id":"244940283497@s.whatsapp.net","dindin":1500},{"id":"554184155219@s.whatsapp.net","dindin":1500},{"id":"258866949153@s.whatsapp.net","dindin":1500},{"id":"258861905115@s.whatsapp.net","dindin":1500},{"id":"5511941238593@s.whatsapp.net","dindin":1500},{"id":"5521967406839@s.whatsapp.net","dindin":1500},{"id":"556798839663@s.whatsapp.net","dindin":1500},{"id":"5522981185568@s.whatsapp.net","dindin":1500},{"id":"5219902537410@s.whatsapp.net","dindin":1500},{"id":"5521981546678@s.whatsapp.net","dindin":1500},{"id":"258858967972@s.whatsapp.net","dindin":1500},{"id":"258872045250@s.whatsapp.net","dindin":1500},{"id":"557186361404@s.whatsapp.net","dindin":1500},{"id":"556684602216@s.whatsapp.net","dindin":1500},{"id":"6285693082843@s.whatsapp.net","dindin":1500},{"id":"554789058404@s.whatsapp.net","dindin":1500},{"id":"554498965668@s.whatsapp.net","dindin":1500},{"id":"558499053889@s.whatsapp.net","dindin":1500},{"id":"5521976430222@s.whatsapp.net","dindin":1500},{"id":"556492094872@s.whatsapp.net","dindin":1500},{"id":"5522981201827@s.whatsapp.net","dindin":1500},{"id":"558299325750@s.whatsapp.net","dindin":1500},{"id":"557399197974@s.whatsapp.net","dindin":1500},{"id":"5524993263032@s.whatsapp.net","dindin":1500},{"id":"556384794046@s.whatsapp.net","dindin":1500},{"id":"558799192599@s.whatsapp.net","dindin":1500},{"id":"5521983423448@s.whatsapp.net","dindin":1500},{"id":"5513991372530@s.whatsapp.net","dindin":1500},{"id":"556596947474@s.whatsapp.net","dindin":1500},{"id":"258877906871@s.whatsapp.net","dindin":1500},{"id":"557597085861@s.whatsapp.net","dindin":1500},{"id":"5511965011932@s.whatsapp.net","dindin":1500},{"id":"104771482595579@s.whatsapp.net","dindin":1500},{"id":"559182577902@s.whatsapp.net","dindin":1500},{"id":"558888838325@s.whatsapp.net","dindin":1500},{"id":"553892097334@s.whatsapp.net","dindin":1500},{"id":"558585071097@s.whatsapp.net","dindin":1500},{"id":"556793182161@s.whatsapp.net","dindin":1500},{"id":"5511973969910@s.whatsapp.net","dindin":1500},{"id":"5515996018917@s.whatsapp.net","dindin":1500},{"id":"556793198582@s.whatsapp.net","dindin":1500},{"id":"556781887086@s.whatsapp.net","dindin":1500},{"id":"556484563720@s.whatsapp.net","dindin":1500},{"id":"559885512460@s.whatsapp.net","dindin":1500},{"id":"559484251741@s.whatsapp.net","dindin":1500},{"id":"48699518479@s.whatsapp.net","dindin":1500},{"id":"5511944594450@s.whatsapp.net","dindin":1500},{"id":"556196697514@s.whatsapp.net","dindin":1500},{"id":"5521988943869@s.whatsapp.net","dindin":1500},{"id":"5522988175732@s.whatsapp.net","dindin":1500},{"id":"556574007930@s.whatsapp.net","dindin":1500},{"id":"559984474775@s.whatsapp.net","dindin":1500},{"id":"5524999910675@s.whatsapp.net","dindin":1500},{"id":"556285046512@s.whatsapp.net","dindin":1500},{"id":"5511918254086@s.whatsapp.net","dindin":1500},{"id":"559881006357@s.whatsapp.net","dindin":1500},{"id":"559691542453@s.whatsapp.net","dindin":1500},{"id":"553285076326@s.whatsapp.net","dindin":1500},{"id":"5521969234038@s.whatsapp.net","dindin":1500},{"id":"556283086924@s.whatsapp.net","dindin":1500},{"id":"351963225307@s.whatsapp.net","dindin":1500},{"id":"557598586624@s.whatsapp.net","dindin":1500},{"id":"554999895890@s.whatsapp.net","dindin":1500},{"id":"554999631275@s.whatsapp.net","dindin":1500},{"id":"553298550452@s.whatsapp.net","dindin":1500},{"id":"553171938527@s.whatsapp.net","dindin":1500},{"id":"556593065507@s.whatsapp.net","dindin":1500},{"id":"559293966438@s.whatsapp.net","dindin":1500},{"id":"258874863769@s.whatsapp.net","dindin":1500},{"id":"553188906763@s.whatsapp.net","dindin":1500},{"id":"553284797369@s.whatsapp.net","dindin":1500},{"id":"559784384297@s.whatsapp.net","dindin":1500},{"id":"556599366287@s.whatsapp.net","dindin":1500},{"id":"5511911186788@s.whatsapp.net","dindin":1500},{"id":"5521985210929@s.whatsapp.net","dindin":1500},{"id":"5511933499547@s.whatsapp.net","dindin":1500},{"id":"557592601233@s.whatsapp.net","dindin":1500},{"id":"558592492932@s.whatsapp.net","dindin":1500},{"id":"17314187188@s.whatsapp.net","dindin":1500},{"id":"553388123558@s.whatsapp.net","dindin":1500},{"id":"554298433793@s.whatsapp.net","dindin":1500},{"id":"559192466933@s.whatsapp.net","dindin":1500},{"id":"5511997519476@s.whatsapp.net","dindin":1500},{"id":"553192779606@s.whatsapp.net","dindin":1500},{"id":"191641927348328@s.whatsapp.net","dindin":1500},{"id":"558193383575@s.whatsapp.net","dindin":1500},{"id":"553398740230@s.whatsapp.net","dindin":1500},{"id":"37053152661621@s.whatsapp.net","dindin":1500},{"id":"554999066034@s.whatsapp.net","dindin":1500},{"id":"558881648435@s.whatsapp.net","dindin":1500},{"id":"556294038139@s.whatsapp.net","dindin":1500},{"id":"556391370964@s.whatsapp.net","dindin":1500},{"id":"5521967325288@s.whatsapp.net","dindin":1500},{"id":"5518991463569@s.whatsapp.net","dindin":1500},{"id":"100347632730330@s.whatsapp.net","dindin":1500},{"id":"244957290796@s.whatsapp.net","dindin":1500},{"id":"5515996175822@s.whatsapp.net","dindin":1500},{"id":"555199524791@s.whatsapp.net","dindin":1500},{"id":"557598296676@s.whatsapp.net","dindin":1500},{"id":"558281208121@s.whatsapp.net","dindin":1500},{"id":"5511987669494@s.whatsapp.net","dindin":1631},{"id":"558589946763@s.whatsapp.net","dindin":1500},{"id":"5516999870252@s.whatsapp.net","dindin":1500},{"id":"554298168354@s.whatsapp.net","dindin":1500},{"id":"553197110976@s.whatsapp.net","dindin":1500},{"id":"351964040743@s.whatsapp.net","dindin":1500},{"id":"5521969963294@s.whatsapp.net","dindin":1500},{"id":"559891884002@s.whatsapp.net","dindin":1500},{"id":"558299634154@s.whatsapp.net","dindin":1500},{"id":"554391815651@s.whatsapp.net","dindin":1500},{"id":"559491035296@s.whatsapp.net","dindin":1500},{"id":"558896402736@s.whatsapp.net","dindin":1500},{"id":"553195595444@s.whatsapp.net","dindin":1500},{"id":"558699850708@s.whatsapp.net","dindin":1500},{"id":"558188499954@s.whatsapp.net","dindin":1500},{"id":"258833912692@s.whatsapp.net","dindin":1500},{"id":"559491967991@s.whatsapp.net","dindin":1500},{"id":"5511947997879@s.whatsapp.net","dindin":1500},{"id":"554384482509@s.whatsapp.net","dindin":1500},{"id":"557187420994@s.whatsapp.net","dindin":1500},{"id":"5521978632368@s.whatsapp.net","dindin":1500},{"id":"351925306055@s.whatsapp.net","dindin":1500},{"id":"558688439359@s.whatsapp.net","dindin":1500},{"id":"5512988056837@s.whatsapp.net","dindin":1500},{"id":"558281752451@s.whatsapp.net","dindin":1500},{"id":"559181221326@s.whatsapp.net","dindin":1500},{"id":"584121586224@s.whatsapp.net","dindin":1500},{"id":"584163198386@s.whatsapp.net","dindin":1500},{"id":"5511989231884@s.whatsapp.net","dindin":1500},{"id":"558888191409@s.whatsapp.net","dindin":1500},{"id":"553194116682@s.whatsapp.net","dindin":1500},{"id":"559985532095@s.whatsapp.net","dindin":1500},{"id":"5511939414624@s.whatsapp.net","dindin":1500},{"id":"5524998688905@s.whatsapp.net","dindin":1500},{"id":"11802989608982@s.whatsapp.net","dindin":1500},{"id":"269273024954490@s.whatsapp.net","dindin":1500},{"id":"258847798178@s.whatsapp.net","dindin":1500},{"id":"5517981903940@s.whatsapp.net","dindin":1500},{"id":"139775449251900@s.whatsapp.net","dindin":1500},{"id":"183945345937591@s.whatsapp.net","dindin":1500},{"id":"47176122146853@s.whatsapp.net","dindin":1500},{"id":"214885887660179@s.whatsapp.net","dindin":1500},{"id":"5511978258851@s.whatsapp.net","dindin":1323},{"id":"558299226337@s.whatsapp.net","dindin":1500},{"id":"258875308528@s.whatsapp.net","dindin":1500},{"id":"558386266793@s.whatsapp.net","dindin":1500},{"id":"5521971908969@s.whatsapp.net","dindin":1500},{"id":"557591100581@s.whatsapp.net","dindin":1500},{"id":"5547933800651@s.whatsapp.net","dindin":1500},{"id":"559988208955@s.whatsapp.net","dindin":1500},{"id":"556892312009@s.whatsapp.net","dindin":1500},{"id":"559192254282@s.whatsapp.net","dindin":1500},{"id":"558592137414@s.whatsapp.net","dindin":1500},{"id":"556392473567@s.whatsapp.net","dindin":1500},{"id":"556699363027@s.whatsapp.net","dindin":1500},{"id":"559899038361@s.whatsapp.net","dindin":1500},{"id":"555591301014@s.whatsapp.net","dindin":1500},{"id":"553299631548@s.whatsapp.net","dindin":1500},{"id":"5512991180460@s.whatsapp.net","dindin":1500},{"id":"5511961253161@s.whatsapp.net","dindin":1500},{"id":"130184770502737@s.whatsapp.net","dindin":1500},{"id":"277815815581875@s.whatsapp.net","dindin":1500},{"id":"184675104485582@s.whatsapp.net","dindin":1500},{"id":"16389679100150@s.whatsapp.net","dindin":1500},{"id":"5519993763088@s.whatsapp.net","dindin":2541},{"id":"559293193310@s.whatsapp.net","dindin":1500},{"id":"15877155145@s.whatsapp.net","dindin":1500},{"id":"559392082158@s.whatsapp.net","dindin":1001652},{"id":"554396397270@s.whatsapp.net","dindin":1500},{"id":"558589714485@s.whatsapp.net","dindin":1500},{"id":"558488483328@s.whatsapp.net","dindin":1500},{"id":"558695208405@s.whatsapp.net","dindin":1500},{"id":"557582019390@s.whatsapp.net","dindin":1500},{"id":"5512988246159@s.whatsapp.net","dindin":1500},{"id":"558494600754@s.whatsapp.net","dindin":1500},{"id":"559292381986@s.whatsapp.net","dindin":1500},{"id":"100394994802747@s.whatsapp.net","dindin":1500},{"id":"351967990745@s.whatsapp.net","dindin":1500},{"id":"558491549521@s.whatsapp.net","dindin":1500},{"id":"5511980927030@s.whatsapp.net","dindin":1500},{"id":"51982466057@s.whatsapp.net","dindin":1500},{"id":"208795590492185@s.whatsapp.net","dindin":1500},{"id":"557598762863@s.whatsapp.net","dindin":1500},{"id":"556993036673@s.whatsapp.net","dindin":1500},{"id":"556392417405@s.whatsapp.net","dindin":1500},{"id":"553397023014@s.whatsapp.net","dindin":1500},{"id":"16132097045@s.whatsapp.net","dindin":1500},{"id":"556285407197@s.whatsapp.net","dindin":1500},{"id":"5511949178892@s.whatsapp.net","dindin":1500},{"id":"558199759101@s.whatsapp.net","dindin":1500},{"id":"554196635399@s.whatsapp.net","dindin":1500},{"id":"558598105253@s.whatsapp.net","dindin":1500},{"id":"554288838483@s.whatsapp.net","dindin":1500},{"id":"5521990964202@s.whatsapp.net","dindin":1500},{"id":"258862633682@s.whatsapp.net","dindin":1500},{"id":"5511970322636@s.whatsapp.net","dindin":1500},{"id":"5522992588225@s.whatsapp.net","dindin":1500},{"id":"553898353805@s.whatsapp.net","dindin":1500},{"id":"555189919526@s.whatsapp.net","dindin":1500},{"id":"5512988047370@s.whatsapp.net","dindin":1500},{"id":"5522999035656@s.whatsapp.net","dindin":1500},{"id":"553186807858@s.whatsapp.net","dindin":1500},{"id":"553185694348@s.whatsapp.net","dindin":1500},{"id":"556599634562@s.whatsapp.net","dindin":1500},{"id":"559691084987@s.whatsapp.net","dindin":1500},{"id":"186049544347829@s.whatsapp.net","dindin":1500},{"id":"112232159543483@s.whatsapp.net","dindin":1500},{"id":"351963225295@s.whatsapp.net","dindin":1500},{"id":"553599695494@s.whatsapp.net","dindin":1500},{"id":"83279969570953@s.whatsapp.net","dindin":1500},{"id":"229450172096674@s.whatsapp.net","dindin":1500},{"id":"224189139144951@s.whatsapp.net","dindin":1500},{"id":"553597580639@s.whatsapp.net","dindin":1500},{"id":"273731620475063@s.whatsapp.net","dindin":1500},{"id":"554799307149@s.whatsapp.net","dindin":1500},{"id":"85100985348341@s.whatsapp.net","dindin":1500},{"id":"79766518542516@s.whatsapp.net","dindin":1500},{"id":"94979376574589@s.whatsapp.net","dindin":1500},{"id":"21926110048323@s.whatsapp.net","dindin":1500},{"id":"32581689061549@s.whatsapp.net","dindin":1500},{"id":"555399287387@s.whatsapp.net","dindin":1500},{"id":"559891817506@s.whatsapp.net","dindin":41500},{"id":"114551576072381@s.whatsapp.net","dindin":1500},{"id":"5515992416601@s.whatsapp.net","dindin":1500},{"id":"5511973856385@s.whatsapp.net","dindin":1500},{"id":"258851551655@s.whatsapp.net","dindin":1500},{"id":"556992743729@s.whatsapp.net","dindin":1500},{"id":"558894354990@s.whatsapp.net","dindin":1500},{"id":"5521985978773@s.whatsapp.net","dindin":1500},{"id":"207434052276267@s.whatsapp.net","dindin":1500},{"id":"124893521817714@s.whatsapp.net","dindin":1500},{"id":"556696894802@s.whatsapp.net","dindin":1500},{"id":"5521965591207@s.whatsapp.net","dindin":1500},{"id":"554499482560@s.whatsapp.net","dindin":1500},{"id":"557981356282@s.whatsapp.net","dindin":1500},{"id":"5521982887004@s.whatsapp.net","dindin":1500},{"id":"558591806884@s.whatsapp.net","dindin":1500},{"id":"5511964712934@s.whatsapp.net","dindin":1500},{"id":"558281801434@s.whatsapp.net","dindin":1500},{"id":"553197601054@s.whatsapp.net","dindin":1500},{"id":"5527992745072@s.whatsapp.net","dindin":1500},{"id":"266605850308777@s.whatsapp.net","dindin":1500},{"id":"554591053916@s.whatsapp.net","dindin":1500},{"id":"557599060805@s.whatsapp.net","dindin":1500},{"id":"5527992879368@s.whatsapp.net","dindin":1500},{"id":"280440074170570@s.whatsapp.net","dindin":1500},{"id":"5511917467830@s.whatsapp.net","dindin":1500},{"id":"558592557066@s.whatsapp.net","dindin":1500},{"id":"559984815640@s.whatsapp.net","dindin":1500},{"id":"584124936424@s.whatsapp.net","dindin":1500},{"id":"558396676440@s.whatsapp.net","dindin":1500},{"id":"559285638652@s.whatsapp.net","dindin":1500},{"id":"559285880133@s.whatsapp.net","dindin":1500},{"id":"558399849627@s.whatsapp.net","dindin":1500},{"id":"553391093735@s.whatsapp.net","dindin":1500},{"id":"447507234467@s.whatsapp.net","dindin":1500},{"id":"5519981768667@s.whatsapp.net","dindin":1500},{"id":"553191662192@s.whatsapp.net","dindin":1500},{"id":"558282312443@s.whatsapp.net","dindin":1500},{"id":"556195923783@s.whatsapp.net","dindin":1500},{"id":"5518996831552@s.whatsapp.net","dindin":1500},{"id":"559887205537@s.whatsapp.net","dindin":1500},{"id":"5511919779217@s.whatsapp.net","dindin":1500},{"id":"559892149806@s.whatsapp.net","dindin":1500},{"id":"559181614398@s.whatsapp.net","dindin":1500},{"id":"5515981006032@s.whatsapp.net","dindin":1500},{"id":"558584660719@s.whatsapp.net","dindin":1500},{"id":"558491430819@s.whatsapp.net","dindin":1500},{"id":"554198759013@s.whatsapp.net","dindin":1500},{"id":"5512978986457@s.whatsapp.net","dindin":1500},{"id":"557583155561@s.whatsapp.net","dindin":1500},{"id":"553491138415@s.whatsapp.net","dindin":1500},{"id":"557192611871@s.whatsapp.net","dindin":1500},{"id":"5511956871823@s.whatsapp.net","dindin":1500},{"id":"557191323217@s.whatsapp.net","dindin":1500},{"id":"557192123074@s.whatsapp.net","dindin":1500},{"id":"554199504724@s.whatsapp.net","dindin":1500},{"id":"5517997216698@s.whatsapp.net","dindin":1500},{"id":"553399285117@s.whatsapp.net","dindin":1500},{"id":"553398230030@s.whatsapp.net","dindin":1500},{"id":"556281245162@s.whatsapp.net","dindin":1500},{"id":"558481207394@s.whatsapp.net","dindin":1500},{"id":"447425846747@s.whatsapp.net","dindin":1500},{"id":"559491216745@s.whatsapp.net","dindin":1500},{"id":"5521972161879@s.whatsapp.net","dindin":1500},{"id":"5521964370098@s.whatsapp.net","dindin":1500},{"id":"27691961255@s.whatsapp.net","dindin":1500},{"id":"559884745101@s.whatsapp.net","dindin":1500},{"id":"557391009777@s.whatsapp.net","dindin":1500},{"id":"558592304987@s.whatsapp.net","dindin":1500},{"id":"258852426355@s.whatsapp.net","dindin":1500},{"id":"5516997369603@s.whatsapp.net","dindin":1500},{"id":"558388783426@s.whatsapp.net","dindin":1500},{"id":"556593343429@s.whatsapp.net","dindin":1500},{"id":"556192628932@s.whatsapp.net","dindin":1500},{"id":"5511996122056@s.whatsapp.net","dindin":1500},{"id":"58785368412405@s.whatsapp.net","dindin":1500},{"id":"108908039389222@s.whatsapp.net","dindin":1500},{"id":"11901824155817@s.whatsapp.net","dindin":1500},{"id":"558197806626@s.whatsapp.net","dindin":1500},{"id":"559886013189@s.whatsapp.net","dindin":1500},{"id":"258862840075@s.whatsapp.net","dindin":1500},{"id":"558896033663@s.whatsapp.net","dindin":1500},{"id":"244957010834@s.whatsapp.net","dindin":1500},{"id":"244938041330@s.whatsapp.net","dindin":1500},{"id":"554491676321@s.whatsapp.net","dindin":1500},{"id":"559183721035@s.whatsapp.net","dindin":1500},{"id":"5521994830526@s.whatsapp.net","dindin":1500},{"id":"244940335644@s.whatsapp.net","dindin":1500},{"id":"258879994752@s.whatsapp.net","dindin":1500},{"id":"559188500205@s.whatsapp.net","dindin":1500},{"id":"557399631078@s.whatsapp.net","dindin":1500},{"id":"558396265883@s.whatsapp.net","dindin":1500},{"id":"558581690838@s.whatsapp.net","dindin":1500},{"id":"5511981106112@s.whatsapp.net","dindin":1500},{"id":"559281485768@s.whatsapp.net","dindin":1500},{"id":"559985000088@s.whatsapp.net","dindin":1500},{"id":"156925740216482@s.whatsapp.net","dindin":1500},{"id":"554799746109@s.whatsapp.net","dindin":1500},{"id":"557481414541@s.whatsapp.net","dindin":1500},{"id":"558694344873@s.whatsapp.net","dindin":1500},{"id":"244921193244@s.whatsapp.net","dindin":1500},{"id":"48699519662@s.whatsapp.net","dindin":1500},{"id":"553599577950@s.whatsapp.net","dindin":1500},{"id":"5527999307906@s.whatsapp.net","dindin":1500},{"id":"51940968548@s.whatsapp.net","dindin":1500},{"id":"258846710033@s.whatsapp.net","dindin":1500},{"id":"558581542208@s.whatsapp.net","dindin":1500},{"id":"5515997448190@s.whatsapp.net","dindin":1500},{"id":"5511910346108@s.whatsapp.net","dindin":1500},{"id":"557592597658@s.whatsapp.net","dindin":1500},{"id":"556282155412@s.whatsapp.net","dindin":1500},{"id":"258865325743@s.whatsapp.net","dindin":1500},{"id":"554192460973@s.whatsapp.net","dindin":1500},{"id":"5519986017408@s.whatsapp.net","dindin":1500},{"id":"559885370478@s.whatsapp.net","dindin":1500},{"id":"559181377883@s.whatsapp.net","dindin":1500},{"id":"558396704811@s.whatsapp.net","dindin":1500},{"id":"557192539386@s.whatsapp.net","dindin":1500},{"id":"244946476212@s.whatsapp.net","dindin":1500},{"id":"5511985598332@s.whatsapp.net","dindin":1500},{"id":"5519993373385@s.whatsapp.net","dindin":1500},{"id":"5511912497710@s.whatsapp.net","dindin":1500},{"id":"557192217608@s.whatsapp.net","dindin":1500},{"id":"555182000042@s.whatsapp.net","dindin":1500},{"id":"553898459733@s.whatsapp.net","dindin":1500},{"id":"557192809001@s.whatsapp.net","dindin":1500},{"id":"557199055685@s.whatsapp.net","dindin":1500},{"id":"554195395796@s.whatsapp.net","dindin":1500},{"id":"557481423336@s.whatsapp.net","dindin":1500},{"id":"258846607728@s.whatsapp.net","dindin":1500},{"id":"557192291493@s.whatsapp.net","dindin":1500},{"id":"244954706632@s.whatsapp.net","dindin":1500},{"id":"556281297335@s.whatsapp.net","dindin":1500},{"id":"559681059589@s.whatsapp.net","dindin":1500},{"id":"258820283665@s.whatsapp.net","dindin":1500},{"id":"559284828701@s.whatsapp.net","dindin":1500},{"id":"48729755423@s.whatsapp.net","dindin":1500},{"id":"5521987287183@s.whatsapp.net","dindin":1500},{"id":"553196149100@s.whatsapp.net","dindin":1500},{"id":"556791080744@s.whatsapp.net","dindin":1500},{"id":"5519994719023@s.whatsapp.net","dindin":1500},{"id":"5511967755434@s.whatsapp.net","dindin":1500},{"id":"559885957204@s.whatsapp.net","dindin":1500},{"id":"258843834264@s.whatsapp.net","dindin":1500},{"id":"557182363080@s.whatsapp.net","dindin":1500},{"id":"558399221128@s.whatsapp.net","dindin":1500},{"id":"556296387456@s.whatsapp.net","dindin":1500},{"id":"5511917861345@s.whatsapp.net","dindin":1500},{"id":"559691695305@s.whatsapp.net","dindin":1500},{"id":"554989075014@s.whatsapp.net","dindin":1500},{"id":"5511952420468@s.whatsapp.net","dindin":1500},{"id":"556193990511@s.whatsapp.net","dindin":1500},{"id":"32470614956@s.whatsapp.net","dindin":1500},{"id":"5521964819027@s.whatsapp.net","dindin":1500},{"id":"5547935052289@s.whatsapp.net","dindin":1500},{"id":"5511949210549@s.whatsapp.net","dindin":1500},{"id":"558183063938@s.whatsapp.net","dindin":1500},{"id":"557499101254@s.whatsapp.net","dindin":1500},{"id":"5511934967621@s.whatsapp.net","dindin":1500},{"id":"5511984495341@s.whatsapp.net","dindin":1500},{"id":"5515998859061@s.whatsapp.net","dindin":1500},{"id":"558896339683@s.whatsapp.net","dindin":1500},{"id":"553597326236@s.whatsapp.net","dindin":1500},{"id":"558899206159@s.whatsapp.net","dindin":1500},{"id":"559291764143@s.whatsapp.net","dindin":1500},{"id":"553192365962@s.whatsapp.net","dindin":1500},{"id":"553591213220@s.whatsapp.net","dindin":1500},{"id":"557199865314@s.whatsapp.net","dindin":1500},{"id":"5511952450893@s.whatsapp.net","dindin":1500},{"id":"5522988293247@s.whatsapp.net","dindin":1500},{"id":"556294222284@s.whatsapp.net","dindin":1500},{"id":"5511945717670@s.whatsapp.net","dindin":1500},{"id":"5518991708379@s.whatsapp.net","dindin":1500},{"id":"559185518724@s.whatsapp.net","dindin":1500},{"id":"556194410416@s.whatsapp.net","dindin":1500},{"id":"5511973693821@s.whatsapp.net","dindin":1500},{"id":"553298102231@s.whatsapp.net","dindin":1500},{"id":"244946779202@s.whatsapp.net","dindin":1500},{"id":"556799698791@s.whatsapp.net","dindin":1500},{"id":"5519999932002@s.whatsapp.net","dindin":1500},{"id":"556493030557@s.whatsapp.net","dindin":1500},{"id":"558681005727@s.whatsapp.net","dindin":1500},{"id":"558182557486@s.whatsapp.net","dindin":1500},{"id":"5219983954303@s.whatsapp.net","dindin":1500},{"id":"50662445485@s.whatsapp.net","dindin":1500},{"id":"557398396338@s.whatsapp.net","dindin":1500},{"id":"556298231156@s.whatsapp.net","dindin":1500},{"id":"553299240466@s.whatsapp.net","dindin":1500},{"id":"559491841363@s.whatsapp.net","dindin":1500},{"id":"555581287309@s.whatsapp.net","dindin":1500},{"id":"554599287803@s.whatsapp.net","dindin":1500},{"id":"553398379161@s.whatsapp.net","dindin":1500},{"id":"553284864634@s.whatsapp.net","dindin":1500},{"id":"244945579794@s.whatsapp.net","dindin":1500},{"id":"553898448313@s.whatsapp.net","dindin":1500},{"id":"556294040441@s.whatsapp.net","dindin":1500},{"id":"5521989740893@s.whatsapp.net","dindin":1500},{"id":"601162032892@s.whatsapp.net","dindin":1500},{"id":"559174002875@s.whatsapp.net","dindin":1500},{"id":"5521966827743@s.whatsapp.net","dindin":1500},{"id":"559188391867@s.whatsapp.net","dindin":1500},{"id":"124060616925271@s.whatsapp.net","dindin":1500},{"id":"447951355974@s.whatsapp.net","dindin":1500},{"id":"244939311809@s.whatsapp.net","dindin":1500},{"id":"556793437421@s.whatsapp.net","dindin":1500},{"id":"556391170875@s.whatsapp.net","dindin":1500},{"id":"554699406459@s.whatsapp.net","dindin":1500},{"id":"553798050601@s.whatsapp.net","dindin":1500},{"id":"5519984074302@s.whatsapp.net","dindin":1500},{"id":"559285575213@s.whatsapp.net","dindin":1500},{"id":"5519989012032@s.whatsapp.net","dindin":1500},{"id":"558988241052@s.whatsapp.net","dindin":1500},{"id":"5511983445839@s.whatsapp.net","dindin":1500},{"id":"5514997399523@s.whatsapp.net","dindin":1500},{"id":"557999095178@s.whatsapp.net","dindin":1500},{"id":"5521977521589@s.whatsapp.net","dindin":1500},{"id":"5511958908169@s.whatsapp.net","dindin":1500},{"id":"51927740823@s.whatsapp.net","dindin":1500},{"id":"559293081804@s.whatsapp.net","dindin":1500},{"id":"351910653555@s.whatsapp.net","dindin":1500},{"id":"5521986873264@s.whatsapp.net","dindin":1500},{"id":"559191944780@s.whatsapp.net","dindin":1500},{"id":"5521972261807@s.whatsapp.net","dindin":1500},{"id":"554288185082@s.whatsapp.net","dindin":1500},{"id":"556798120075@s.whatsapp.net","dindin":1500},{"id":"556194150118@s.whatsapp.net","dindin":1500},{"id":"559884199746@s.whatsapp.net","dindin":1500},{"id":"558781787785@s.whatsapp.net","dindin":1500},{"id":"559481225540@s.whatsapp.net","dindin":1500},{"id":"559186179438@s.whatsapp.net","dindin":1500},{"id":"553491351063@s.whatsapp.net","dindin":1500},{"id":"559889342301@s.whatsapp.net","dindin":1500},{"id":"5521982454620@s.whatsapp.net","dindin":1500},{"id":"556181457229@s.whatsapp.net","dindin":1500},{"id":"556199934069@s.whatsapp.net","dindin":1500},{"id":"5515997589962@s.whatsapp.net","dindin":1500},{"id":"553884112988@s.whatsapp.net","dindin":1500},{"id":"559191083847@s.whatsapp.net","dindin":1500},{"id":"558389189774@s.whatsapp.net","dindin":1500},{"id":"557592280472@s.whatsapp.net","dindin":1500},{"id":"5516992489159@s.whatsapp.net","dindin":1500},{"id":"559186096115@s.whatsapp.net","dindin":1500},{"id":"553188786095@s.whatsapp.net","dindin":1500},{"id":"559684253859@s.whatsapp.net","dindin":1500},{"id":"557199728674@s.whatsapp.net","dindin":1500},{"id":"558799169126@s.whatsapp.net","dindin":1500},{"id":"5511958638232@s.whatsapp.net","dindin":1500},{"id":"553198935807@s.whatsapp.net","dindin":1500},{"id":"559491805241@s.whatsapp.net","dindin":1500},{"id":"559984418145@s.whatsapp.net","dindin":1500},{"id":"5518981200200@s.whatsapp.net","dindin":1500},{"id":"559292865380@s.whatsapp.net","dindin":1500},{"id":"5516991819261@s.whatsapp.net","dindin":1500},{"id":"556892319108@s.whatsapp.net","dindin":1500},{"id":"556186793369@s.whatsapp.net","dindin":1500},{"id":"5511977785006@s.whatsapp.net","dindin":1500},{"id":"5519992837922@s.whatsapp.net","dindin":1500},{"id":"5521991163957@s.whatsapp.net","dindin":1500},{"id":"5519991273149@s.whatsapp.net","dindin":1500},{"id":"553398746445@s.whatsapp.net","dindin":1500},{"id":"556298048371@s.whatsapp.net","dindin":1500},{"id":"557791009651@s.whatsapp.net","dindin":1500},{"id":"5522981655345@s.whatsapp.net","dindin":1500},{"id":"5521989205004@s.whatsapp.net","dindin":1500},{"id":"5521975668102@s.whatsapp.net","dindin":1500},{"id":"5521966519961@s.whatsapp.net","dindin":1500},{"id":"553188931398@s.whatsapp.net","dindin":1500},{"id":"557598828534@s.whatsapp.net","dindin":1500},{"id":"558197272744@s.whatsapp.net","dindin":1500},{"id":"559870237654@s.whatsapp.net","dindin":1500},{"id":"553798246941@s.whatsapp.net","dindin":1500},{"id":"5511962449353@s.whatsapp.net","dindin":1500},{"id":"5522992138003@s.whatsapp.net","dindin":1500},{"id":"558881263744@s.whatsapp.net","dindin":1500},{"id":"5527995998489@s.whatsapp.net","dindin":1500},{"id":"553584413296@s.whatsapp.net","dindin":1500},{"id":"559784472778@s.whatsapp.net","dindin":1500},{"id":"559784070609@s.whatsapp.net","dindin":1500},{"id":"559181661286@s.whatsapp.net","dindin":1500},{"id":"9647705937657@s.whatsapp.net","dindin":1500},{"id":"2349027947290@s.whatsapp.net","dindin":1500},{"id":"558191516563@s.whatsapp.net","dindin":1500},{"id":"557192158200@s.whatsapp.net","dindin":1500},{"id":"559988580362@s.whatsapp.net","dindin":1500},{"id":"559892513798@s.whatsapp.net","dindin":1500},{"id":"558981362608@s.whatsapp.net","dindin":1500},{"id":"554899327022@s.whatsapp.net","dindin":1500},{"id":"559784581405@s.whatsapp.net","dindin":1500},{"id":"553188463936@s.whatsapp.net","dindin":1500},{"id":"5521998676288@s.whatsapp.net","dindin":1500},{"id":"558499626661@s.whatsapp.net","dindin":1500},{"id":"5521992821240@s.whatsapp.net","dindin":1500},{"id":"558499518435@s.whatsapp.net","dindin":1500},{"id":"556499778510@s.whatsapp.net","dindin":1500},{"id":"5511984582467@s.whatsapp.net","dindin":1500},{"id":"5511977849873@s.whatsapp.net","dindin":1500},{"id":"5521972827369@s.whatsapp.net","dindin":1500},{"id":"5511962937989@s.whatsapp.net","dindin":1500},{"id":"554789294896@s.whatsapp.net","dindin":1500},{"id":"559492855450@s.whatsapp.net","dindin":1500},{"id":"556581161868@s.whatsapp.net","dindin":1500},{"id":"5515997310085@s.whatsapp.net","dindin":1500},{"id":"556791968550@s.whatsapp.net","dindin":1500},{"id":"2347041740332@s.whatsapp.net","dindin":1500},{"id":"559484264029@s.whatsapp.net","dindin":1500},{"id":"5511981065754@s.whatsapp.net","dindin":1500},{"id":"5516974039394@s.whatsapp.net","dindin":1500},{"id":"5511976424758@s.whatsapp.net","dindin":1500},{"id":"558299069124@s.whatsapp.net","dindin":1500},{"id":"5521995628939@s.whatsapp.net","dindin":1500},{"id":"5521974911529@s.whatsapp.net","dindin":1500},{"id":"559182694773@s.whatsapp.net","dindin":1500},{"id":"5527997357430@s.whatsapp.net","dindin":1500},{"id":"556181842839@s.whatsapp.net","dindin":1500},{"id":"559391005730@s.whatsapp.net","dindin":1500},{"id":"5515996927939@s.whatsapp.net","dindin":1500},{"id":"5511966251381@s.whatsapp.net","dindin":1500},{"id":"5521977130754@s.whatsapp.net","dindin":1500},{"id":"5515991616273@s.whatsapp.net","dindin":1500},{"id":"639619015830@s.whatsapp.net","dindin":1500},{"id":"556195687299@s.whatsapp.net","dindin":1500},{"id":"558781562194@s.whatsapp.net","dindin":1500},{"id":"48732079549@s.whatsapp.net","dindin":1500},{"id":"5511986389302@s.whatsapp.net","dindin":1500},{"id":"5524999056299@s.whatsapp.net","dindin":1500},{"id":"559881122752@s.whatsapp.net","dindin":1500},{"id":"558695009316@s.whatsapp.net","dindin":1500},{"id":"556392724916@s.whatsapp.net","dindin":1500},{"id":"5522992816750@s.whatsapp.net","dindin":1500},{"id":"556281388322@s.whatsapp.net","dindin":1500},{"id":"244936647329@s.whatsapp.net","dindin":1500},{"id":"556392459149@s.whatsapp.net","dindin":1500},{"id":"5522998454580@s.whatsapp.net","dindin":1500},{"id":"559281359437@s.whatsapp.net","dindin":1500},{"id":"5521979762625@s.whatsapp.net","dindin":1500},{"id":"559870083790@s.whatsapp.net","dindin":1500},{"id":"5524993141130@s.whatsapp.net","dindin":1500},{"id":"5515998160960@s.whatsapp.net","dindin":1500},{"id":"556492272505@s.whatsapp.net","dindin":1500},{"id":"5516981783325@s.whatsapp.net","dindin":1500},{"id":"556296783469@s.whatsapp.net","dindin":1500},{"id":"553497692663@s.whatsapp.net","dindin":1500},{"id":"556283194817@s.whatsapp.net","dindin":1500},{"id":"558192366674@s.whatsapp.net","dindin":1500},{"id":"559186196197@s.whatsapp.net","dindin":1500},{"id":"557181279351@s.whatsapp.net","dindin":1500},{"id":"5511987557421@s.whatsapp.net","dindin":1500},{"id":"559984075616@s.whatsapp.net","dindin":1500},{"id":"5528999498769@s.whatsapp.net","dindin":1500}]