[
  {
    "name": "notion"
  },
  {
    "name": "água de bebe slow"
  },
  {
    "name": "WTF 2"
  },
  {
    "name": "DJ KINN ZELDA X MEU IRMÃO QUE MÁQUINA E ESSA (Slowed)"
  },
  {
    "name": "surf curse"
  },
  {
    "name": "hope"
  },
  {
    "name": "moonlight xxxtentacion"
  },
  {
    "name": "projeto do deserto voz da verdade"
  },
  {
    "name": "As It Was (Tiktok Version/Slowed)"
  },
  {
    "name": "LOVELY BASTARDS"
  },
  {
    "name": "Sunflower - Spider-Man: Into the Spider-Verse"
  },
  {
    "name": "música para joga jogo de drift"
  },
  {
    "name": "melhor música para drift! Teste de grave"
  },
  {
    "name": "cute depressed"
  },
  {
    "name": "planeta desconhecido"
  },
  {
    "name": "skyfall slow"
  },
  {
    "name": "sonic.exe super slowed"
  },
  {
    "name": "superman"
  },
  {
    "name": "revende"
  },
  {
    "name": "Jojo Music 1 hora"
  },
  {
    "name": "GTA San Andreas theme song full"
  },
  {
    "name": "WTF 2 slow"
  },
  {
    "name": "água de bebê speed up"
  },
  {
    "name": "WTF 2 speed up"
  },
  {
    "name": "queria muda"
  },
  {
    "name": "água de bebê speed slow"
  },
  {
    "name": "tá chovendo tacos"
  },
  {
    "name": "Sad"
  },
  {
    "name": "água de beber speed"
  },
  {
    "name": "mayonaka no door slowed reverb"
  },
  {
    "name": "minha vida ordinaria slowed"
  },
  {
    "name": "saque"
  },
  {
    "name": "rap domFlamengo"
  },
  {
    "name": "rap do The Mask"
  },
  {
    "name": "WTF"
  },
  {
    "name": "WTF 1"
  },
  {
    "name": "OMG It's eu tenho a força"
  }
]