{"noiseKey":{"private":{"type":"Buffer","data":"wBll9zNS/1TuF4J2PRZKTmCxFpj0Ugb+S+Wy4/rJ7kI="},"public":{"type":"Buffer","data":"KNCo4C8O9vilLp/aYvlfkk55X9tqhijomkbYe7q7ln4="}},"signedIdentityKey":{"private":{"type":"Buffer","data":"+DxMXRKRYgi/myG92NxBOxCsxDGx10vrE1QMUveGlmM="},"public":{"type":"Buffer","data":"mWCtQuopxZticLjSsZ+R/T1uB/4nvYykoYFdHcuUwy8="}},"signedPreKey":{"keyPair":{"private":{"type":"Buffer","data":"6EdvEJasiY4C40SpicAL+EswN10Fm+cl3wwRs9uNHlQ="},"public":{"type":"Buffer","data":"ayE0pwyopCYuUOcSlQpTzoOPrafp5xY9fPrwgftrhFY="}},"signature":{"type":"Buffer","data":"GuL7OVHcrdXxM9QF+gYAlmqh+E6OGmbc8LPgAnur/Zsmba63iED/r78gzeHmdk0tscajLb25WFMPPxnueqnLiw=="},"keyId":1},"registrationId":101,"advSecretKey":"C4NBrigEqDWV1qqhuyYOPNtYwg0Hbicn9QRHmpA4xr8=","processedHistoryMessages":[{"key":{"remoteJid":"5511952197111@s.whatsapp.net","fromMe":true,"id":"2C89CBFBA4F2B4A40DFC56CD297F7160"},"messageTimestamp":1713953955},{"key":{"remoteJid":"5511952197111@s.whatsapp.net","fromMe":true,"id":"E6B29BB7CF8527F3581DD2B3CED51EC5"},"messageTimestamp":1713953961},{"key":{"remoteJid":"5511952197111@s.whatsapp.net","fromMe":true,"id":"4413D609820198594A692F830A178A77"},"messageTimestamp":1713953982},{"key":{"remoteJid":"5511952197111@s.whatsapp.net","fromMe":true,"id":"664A1188E112741FF68B6A9884CF7252"},"messageTimestamp":1713953994}],"nextPreKeyId":387,"firstUnuploadedPreKeyId":387,"accountSyncCounter":1,"accountSettings":{"unarchiveChats":false},"deviceId":"L4zWUd6jSK6Y4NS0HhPIhQ","phoneId":"b70c7923-b507-43c1-8947-16f67bd2f5a7","identityId":{"type":"Buffer","data":"YRGYPSez34lfCcNCU6EFMXrfRlA="},"registered":false,"backupToken":{"type":"Buffer","data":"QXtouECv6QfqhRu5RW6AuYEuHC0="},"registration":{},"account":{"details":"CLibu5AHEJm5o7EGGAEgACgA","accountSignatureKey":"2wfsyg5ptBXG1FzxUhVx0/+C2GOQjQ8X4NKXCc0YpSA=","accountSignature":"exOCeN2ZG5A11XaTsonRWDwt2yxxU9SME66KVv9ZanLvhlkbxOaCONFm5TC1jKKtUvN4ZPP5+0SiD9VQwjMHCQ==","deviceSignature":"nr/7gRGx+02IK7YVj87Z7btRcV2NNEszy+j9Ql/g+JAvbpJVLV2DpFaSZ0Q+eTfg6kWPIT67P/akm147gD04hw=="},"me":{"id":"5511952197111:58@s.whatsapp.net","name":"bianca","lid":"2383891411152:58@lid"},"signalIdentities":[{"identifier":{"name":"5511952197111:58@s.whatsapp.net","deviceId":0},"identifierKey":{"type":"Buffer","data":"BdsH7MoOabQVxtRc8VIVcdP/gthjkI0PF+DSlwnNGKUg"}}],"platform":"smba","lastAccountSyncTimestamp":1715686356,"myAppStateKeyId":"AAAAAGU2"}