{
  "perfis": [
    {
      "usuario": "5511959391525@s.whatsapp.net",
      "nome": "nunu",
      "descricao": "adoro mulher",
      "likes": [
        "559885512460@s.whatsapp.net",
        "5511959391525@s.whatsapp.net"
      ],
      "dislikes": [],
      "comentarios": []
    },
    {
      "usuario": "559885512460@s.whatsapp.net",
      "nome": "netão",
      "descricao": "comedor de casada",
      "likes": [
        "5511959391525@s.whatsapp.net",
        "5511959391525@s.whatsapp.net",
        "559885512460@s.whatsapp.net",
        "559885512460@s.whatsapp.net",
        "559885512460@s.whatsapp.net",
        "559885512460@s.whatsapp.net",
        "559885512460@s.whatsapp.net",
        "559885512460@s.whatsapp.net",
        "559885512460@s.whatsapp.net",
        "559885512460@s.whatsapp.net",
        "559885512460@s.whatsapp.net",
        "559885512460@s.whatsapp.net",
        "559885512460@s.whatsapp.net",
        "559885512460@s.whatsapp.net",
        "559885512460@s.whatsapp.net",
        "559885512460@s.whatsapp.net",
        "559885512460@s.whatsapp.net",
        "559885512460@s.whatsapp.net",
        "559885512460@s.whatsapp.net",
        "559885512460@s.whatsapp.net"
      ],
      "dislikes": [],
      "comentarios": []
    },
    {
      "usuario": "556192435447@s.whatsapp.net",
      "nome": "mp3",
      "descricao": "gostoso e o nunu tbm",
      "likes": [
        "5511959391525@s.whatsapp.net"
      ],
      "dislikes": [],
      "comentarios": []
    },
    {
      "usuario": "553498891989@s.whatsapp.net",
      "nome": "hayato",
      "descricao": "gay \"eu so mt gay\"",
      "likes": [],
      "dislikes": [],
      "comentarios": []
    },
    {
      "usuario": "558892024358@s.whatsapp.net",
      "nome": "Akiara",
      "descricao": "22 anos linda rica diva tenho arara e cachorro sou da família Silva com @5521985078734 e @⁨~Yago Sousa⁩",
      "likes": [],
      "dislikes": [],
      "comentarios": []
    },
    {
      "usuario": "5521985078734@s.whatsapp.net",
      "nome": "criarperfil",
      "descricao": "Isabelly 23 anos dica rica linda tenho cachorro sou da família Silva com @558892024358 @559888931376 e @558892475538",
      "likes": [],
      "dislikes": [],
      "comentarios": []
    },
    {
      "usuario": "558586375136@s.whatsapp.net",
      "nome": "Yuri",
      "descricao": "Alberto Olá tudo bem?",
      "likes": [],
      "dislikes": [],
      "comentarios": []
    }
  ]
}